season,episode,first_bet,multiplicator,bonus,lars_fish,florentin_fish,lars_bet,florentin_bet,result
1,1,f,1,2,0,0,23,7,236
1,1,l,1,0,0,0,189,32082,3689
1,1,l,1,0,0,0,12,180,212
1,1,f,1,0,0,0,15000,71,59
1,1,l,2,0,0,1,17,518,507
1,1,f,1,0,0,0,7,2,14
1,1,l,1,0,0,0,7,31,50
1,1,f,1,0,0,0,22,1,236
1,1,f,2,0,1,0,963,1039,4623
1,1,f,1,0,0,0,4,49,62
1,2,l,1,0,0,0,32,23,60
1,2,l,1,0,0,0,33,4,8
1,2,f,1,0,0,0,66,2374,24549
1,2,l,1,0,0,0,190,70,8
1,2,l,1,0,0,0,650,209,55
1,2,f,1,0,0,0,301,7,24
1,2,l,1,0,0,0,80,104,338
1,2,f,2,0,1,0,43,1,61
1,2,l,1,0,0,0,9,5,18
1,2,l,2,0,0,1,333,79,269
1,2,f,1,0,0,0,66,296,889
1,2,l,1,0,0,0,199,404,770
1,2,f,1,0,0,0,19,38,90
1,3,l,1,0,0,0,7,17,1093
1,3,l,1,0,0,0,6,2,10
1,3,f,1,0,0,0,33,83,43
1,3,f,2,0,1,0,5,12,329
1,3,f,1,0,0,0,128,909,22
1,3,l,1,0,0,0,1001,2103,249
1,3,f,1,0,0,0,29,20,102
1,3,l,1,0,0,0,104,1004,117
1,3,f,1,0,0,0,14,38,295
1,3,l,1,0,0,0,11,5,25
1,3,l,1,0,0,1,3000,13488,1311
1,4,f,1,0,0,0,523,63,30
1,4,l,1,0,0,0,23,109,521
1,4,f,1,0,0,0,46,208,769
1,4,l,1,0,0,0,200,686,324
1,4,f,2,0,1,0,66,5,353
1,4,l,1,0,0,0,19,90,30
1,4,l,1,0,0,0,100,7,8
1,4,l,1,2,0,1,49,99,294
1,4,f,1,0,0,0,11,2,7
1,4,l,1,0,0,0,13,16,60
1,4,f,1,0,0,0,230,82,85
1,4,l,1,0,0,0,33,6,35
1,4,f,1,0,0,0,5,0,72
1,5,l,1,0,0,0,66,17,10
1,5,f,1,0,0,0,12,4,17
1,5,l,1,0,0,0,20,10,114
1,5,f,1,0,0,0,5,38,51
1,5,l,2,0,0,0,61,22,108
1,5,l,2,0,0,1,22,133,95
1,5,l,1,0,0,0,11,41,17
1,5,f,1,0,0,0,16,4,24
1,5,f,1,0,0,0,1000,508,10315
1,5,l,1,0,0,0,38,272,1579
1,5,f,1,0,0,0,19,370,10
1,5,f,1,0,0,0,400,12803,3735
1,5,l,1,0,0,0,38,8,38
1,5,f,1,0,1,0,100,2709,9404
1,6,l,1,0,0,0,22,67,274
1,6,f,1,0,0,0,100,3,467
1,6,l,1,0,0,0,10000,1001,1631
1,6,f,1,0,0,0,736,74,70
1,6,l,1,0,0,0,102,609,20
1,6,f,2,0,0,0,23,14,76
1,6,l,1,0,0,0,61,29,92
1,6,f,1,0,0,0,51,443,49
1,6,l,1,0,0,0,20,9,37
1,6,f,1,0,0,0,99000,383712,468
1,6,l,1,0,0,0,222,11,58
1,6,f,1,0,0,0,19,54,15
1,6,l,4,0,1,1,38,60,17
1,6,f,1,0,0,0,236,16,76
1,6,l,1,0,0,0,11,3,307
1,6,f,1,0,0,0,333,841,423
1,7,l,1,0,0,0,100,211,9
1,7,f,1,0,0,0,44,976,6745
1,7,l,1,0,0,0,26,7,26
1,7,f,1,2,0,0,301,577,457
1,7,l,1,0,0,0,99,19,12
1,7,f,1,0,0,0,56,31,68
1,7,l,2,0,0,1,1111,812,15
1,7,f,1,0,0,0,12,3,5
1,7,l,1,0,0,0,65,104,788
1,7,l,1,0,0,0,100,399,63
1,7,f,1,0,0,0,330,77,320
1,7,l,1,0,0,0,23,14,11
1,7,f,2,0,1,0,1203,617,121
1,8,l,1,0,0,0,30,89,1575
1,8,f,1,0,0,0,1000,209,19
1,8,l,1,0,0,0,4,7,335
1,8,f,1,0,0,0,56,311,8
1,8,l,1,0,0,0,38,8,108
1,8,f,1,0,0,0,12,45,39
1,8,l,1,0,0,0,23,70,28
1,8,f,1,0,0,0,44,123,20
1,8,l,1,0,0,0,303,2809,18
1,8,f,1,0,0,0,30000000,315,7
1,8,l,2,0,1,0,5,1,9
1,8,f,1,0,0,0,1000,18404,48
1,8,l,1,0,0,0,1,14,147
1,8,f,1,0,0,0,1000,308,15608
1,8,f,1,0,0,1,8,17,156
1,9,f,1,0,0,0,100,1376,91
1,9,l,1,0,0,0,33,808,85
1,9,f,1,0,0,0,26,7,24
1,9,l,2,0,0,0,300,5322,56
1,9,f,1,0,0,0,11,38,2446
1,9,l,2,0,0,0,100,16,558
1,9,f,1,0,0,0,8,232,0
1,9,f,2,0,1,0,89,46,72
1,9,l,1,0,0,0,6,89,43
1,9,l,1,2,0,1,99,5933,30663
1,9,f,1,0,0,0,3333,416,535
1,9,l,1,0,0,0,101,717,494
1,9,f,1,0,0,0,38,2,34
1,9,l,1,0,0,0,50,100,75
1,9,f,1,0,0,0,66,119,69
1,9,l,1,0,0,0,129,58,295
1,9,f,1,0,0,0,26,25,68
1,10,f,1,0,0,0,303,41,58
1,10,l,1,0,0,0,113,17,14
1,10,l,1,0,0,0,16,3,21
1,10,f,1,0,0,0,412,97,134010
1,10,l,1,0,0,0,99,1717,716
1,10,f,1,0,0,0,33,8,32
1,10,l,1,0,0,0,22,246,2171
1,10,l,1,2,0,1,100,4875,12
1,10,f,1,0,0,0,10523,498,1721
1,10,l,1,0,0,0,11,151,267
1,10,f,2,0,1,0,124,709,7
1,10,l,1,0,0,0,36,998,3
1,10,l,1,0,0,0,100000,14007,454
1,10,l,1,0,0,0,11,211,85
1,10,f,1,0,0,0,11,10,15
1,11,f,1,0,0,0,166,18,36
1,11,l,1,0,0,0,1111,373,2
1,11,f,1,0,0,0,404,99,174
1,11,f,2,0,0,0,1000,7,236
1,11,l,1,0,0,0,74,802,84
1,11,l,1,0,0,0,300,2821,7104
1,11,f,1,0,0,0,66,12,405
1,11,f,1,0,0,0,1064,64868,2062
1,11,l,1,0,0,0,69,8,8
1,11,f,1,0,0,0,99,18,35
1,11,l,1,0,0,0,100,767,585
1,11,f,2,0,1,0,26,191,88
1,11,l,2,0,0,1,17,88,6
1,11,f,1,0,0,0,7,16,72
1,11,l,1,0,0,0,9,3,94
1,12,f,1,0,0,0,13,3,320
1,12,l,1,0,0,0,100,19,33
1,12,l,1,0,0,0,222,408,84
1,12,f,2,0,0,0,11,9,122
1,12,l,1,0,0,0,23,604,5202
1,12,f,1,0,0,0,33,182,20
1,12,l,1,0,0,0,99,801,39
1,12,f,1,0,0,0,29,8,18
1,12,l,1,0,0,0,333,1830,130
1,12,f,1,0,0,0,38,5,1
1,12,f,1,0,0,0,123,49,80
1,12,l,1,0,0,0,8,20,10
1,12,f,2,0,1,0,56,90,23
1,12,l,1,0,0,0,5,27,15
1,12,f,1,0,0,0,13,5,8
1,12,l,1,0,0,0,5,14,18
1,12,f,1,0,0,1,2500,207,97
1,13,f,1,0,0,0,66,4,32
1,13,l,1,0,0,0,18,5,27
1,13,l,1,0,0,0,100,20,19
1,13,f,4,0,0,1,33,107,8
1,13,l,1,0,0,0,26,89,217
1,13,f,1,0,0,0,100,29,196
1,13,l,1,0,0,0,9,43,589
1,13,f,1,0,0,0,50,2861,497
1,13,l,1,0,0,0,3,200,17
1,13,f,1,0,0,0,16,51,2
1,13,l,1,0,0,0,14,130,15
1,13,f,2,0,1,0,133,53,5806
1,13,l,1,0,0,0,3,809,70
1,13,f,1,0,0,0,30000,17,16
1,14,f,1,0,0,0,10223,768,7812
1,14,l,1,0,0,0,383,83,18
1,14,f,1,0,0,0,3121,807,368
1,14,f,1,0,0,0,1000,16,11
1,14,f,1,0,0,0,16,3,18
1,14,l,1,0,0,0,20,317,6
1,14,f,1,0,0,0,300,4878,994
1,14,l,1,0,0,0,33,9,3336
1,14,l,1,2,0,1,16,890,2118
1,14,f,1,0,0,0,11,73,1
1,14,l,1,0,0,0,1000,5,104
1,14,l,1,0,0,0,9,1,7
1,14,f,2,0,1,0,27,50,515
1,15,l,1,0,0,0,27,13,21
1,15,f,1,0,0,0,500,2,31
1,15,l,1,0,0,0,55,7,31
1,15,l,1,0,0,0,76,0,123
1,15,f,2,2,0,0,145,638,149
1,15,l,1,0,0,0,1,41,112
1,15,f,1,0,0,0,13,89,5261
1,15,l,1,0,0,0,20000,911,1814
1,15,l,2,0,0,1,10666,4811,356032
1,15,l,1,0,0,0,666,9,37
1,15,f,1,0,0,0,333,412,465
1,15,f,2,0,1,0,13,40,28
1,15,l,1,0,0,0,11,133,445
1,15,f,1,0,0,0,77,8,91
1,15,f,1,0,0,0,133,4,5
1,15,l,1,0,0,0,139,39,77
1,15,f,1,0,0,0,99,30,20
1,16,l,1,0,0,0,430,1308,80
1,16,f,1,0,0,0,188,9,124
1,16,l,1,0,0,0,99,11,1442
1,16,l,1,2,0,1,89,209,35
1,16,f,1,0,0,0,33,34,683
1,16,l,1,0,0,0,12,302,252
1,16,f,1,0,0,0,14,41,8
1,16,l,1,0,0,0,100,6,9
1,16,f,2,2,1,0,120,893,546
1,16,l,1,0,0,0,50,15,15
1,16,f,1,0,0,0,20,101,261
1,16,l,1,0,0,0,55,25,99
1,16,f,2,0,0,0,600,911,84
1,16,l,1,0,0,0,27,86,4
1,16,l,1,0,0,0,3000,1709,5426
1,16,f,1,0,0,0,100,99,4
2,1,l,1,0,0,0,4,8,1203
2,1,f,1,0,0,0,99,31,1605
2,1,l,1,0,0,0,11,97,142
2,1,l,1,0,0,0,63,9,4
2,1,f,1,2,0,0,100,688,104
2,1,f,1,0,0,0,50,23,188
2,1,l,1,0,0,0,77,1204,10
2,1,f,1,0,0,0,12,204,3
2,1,l,1,0,0,0,168,5,159
2,1,f,1,0,0,0,33,2769,18
2,1,f,2,0,1,0,300,12,39
2,1,l,1,0,0,1,11,21,215
2,2,l,1,0,0,0,67,7,5
2,2,f,1,0,0,0,18,3,9
2,2,l,1,0,0,0,222,19,87
2,2,f,1,0,0,0,81,207,163
2,2,l,1,0,0,0,200,3960,102
2,2,l,1,2,0,1,8,14,51
2,2,f,1,0,0,0,63,8,64
2,2,l,1,0,0,0,3,27,151
2,2,f,2,0,1,0,33,101,2
2,2,l,1,0,0,0,1111,481,701991
2,2,f,1,2,0,0,679,3706,1684
2,2,l,1,0,0,0,333,2550,30243
2,3,l,1,0,0,0,9,16,21
2,3,f,1,0,0,0,100,6809,1795
2,3,l,1,0,0,0,96,808,0
2,3,f,1,0,0,0,33,106,7
2,3,l,1,0,0,0,3,29,10
2,3,f,1,2,0,0,17,9,72
2,3,l,1,0,0,0,111,2307,338
2,3,f,1,0,0,0,18,103,447
2,3,l,2,0,0,1,31,16,62
2,3,f,1,0,0,0,1100,17,5
2,3,l,1,0,0,0,14,499,3
2,3,f,1,0,0,0,11,4,9
2,3,l,1,0,0,0,66,21,26
2,3,f,1,0,0,0,8,34,74
2,3,f,1,0,0,0,16,1809,52
2,3,f,1,2,1,0,33,5,76
2,3,l,1,0,0,0,2,49,3
2,3,f,1,0,0,0,330,20,499
2,4,f,1,0,0,0,221,1309,386
2,4,l,1,0,0,0,311,89,491
2,4,f,1,0,0,0,67,17,18
2,4,f,1,0,0,0,13,88,7
2,4,l,1,0,0,0,100,17399,587
2,4,f,1,0,0,0,44,97,199
2,4,l,1,0,0,0,3,24,71
2,4,f,1,2,0,0,9,2,4
2,4,l,1,0,0,0,13,1,2
2,4,f,2,0,1,0,66,20,4
2,4,l,1,0,0,0,26,6,11
2,4,f,1,0,0,0,33,12,47
2,4,f,1,0,0,0,120,290,110
2,4,f,1,0,0,0,43,619,187
2,4,l,1,0,0,1,4,263,18
2,5,f,1,0,0,0,13,4,13
2,5,l,1,0,0,0,1000,38,183
2,5,l,1,0,0,0,1914,813,38769
2,5,f,1,0,0,0,13,6,23
2,5,l,1,0,0,0,300,11900,70620
2,5,l,1,0,0,0,44,798,3302
2,5,l,1,2,0,1,33,91,18
2,5,f,1,0,0,0,99,171,1458
2,5,l,1,0,0,0,10,85,39
2,5,f,1,0,0,0,238,77,11
2,5,l,2,0,1,0,66,409,9
2,5,f,1,0,0,0,10222,683,1345
2,5,f,1,0,0,0,260,501,624
2,5,l,1,0,0,0,6667,110,337
2,5,f,1,0,0,0,123,466,32
2,5,l,1,0,0,0,88,8,20
2,5,l,1,0,0,0,2,37,30
2,6,l,1,1,0,0,33,12,58
2,6,f,1,0,0,0,3690,11401,87548
2,6,l,1,0,0,0,830,83,499
2,6,f,2,0,0,0,1000,217,1746
2,6,l,1,0,0,0,200,37,86
2,6,f,1,0,0,0,34,209,19
2,6,f,1,0,0,0,730,499,1664
2,6,l,1,0,0,0,12,134,4
2,6,f,1,0,0,0,100,307,1053
2,6,l,1,0,0,0,217,26,25
2,6,f,1,0,0,0,66,167,37
2,6,f,1,0,0,0,9,17,96
2,6,f,1,2,1,0,18,21,442
2,6,l,1,0,0,0,26,13,45
2,6,l,1,0,0,1,129,62,162
2,7,l,1,0,0,0,258,84,178
2,7,f,1,0,0,0,86,1703,85
2,7,l,1,2,0,0,48,5,34
2,7,l,1,0,0,0,230,29,59
2,7,f,1,0,0,0,66,2819,159111
2,7,l,1,0,0,0,8,76,30
2,7,f,1,0,0,0,12,23,167
2,7,l,1,0,0,0,200,40,30
2,7,f,1,0,0,0,666,380,606
2,7,l,1,2,0,1,18,54,10
2,7,f,1,0,0,0,16,6,31
2,7,l,1,0,0,0,149,49,91
2,7,f,2,0,1,0,111,47,125
2,7,l,1,0,0,0,188,1816,62
2,7,f,1,0,0,0,69,12,201
2,8,l,1,0,0,0,180,14,11
2,8,f,1,0,0,0,1126,524,10692
2,8,f,1,0,0,0,23,10,36
2,8,f,1,0,0,0,18,207,5
2,8,f,1,2,0,0,6000,2409,9585
2,8,l,1,1,0,0,13,81,51
2,8,f,1,0,0,0,36,1407,16
2,8,l,1,0,0,0,6666,570,442425
2,8,l,1,0,0,0,1024,20002,24
2,8,f,1,0,0,0,16,96,32
2,8,f,2,0,1,0,18000,5806,161
2,8,f,1,0,0,0,3,28,15
2,8,l,1,0,0,0,300,84716,1719
2,8,f,1,0,0,0,8,15,8171
2,8,l,1,0,0,1,12,62,19
2,9,f,1,0,0,0,67,22,57
2,9,l,1,0,0,0,2000,51,94
2,9,f,1,0,0,0,506,119,120
2,9,l,1,0,0,0,100,6804,377
2,9,f,1,0,0,0,10000,937,15
2,9,l,1,0,0,0,13,80,257
2,9,l,1,2,0,1,2734,555,415163
2,9,f,1,0,0,0,66,8,87
2,9,l,1,0,0,0,3,49,11
2,9,f,1,0,0,0,8,27,2
2,9,f,1,0,0,0,198,48,263
2,9,l,1,0,0,0,1000,16409,1178
2,9,f,1,0,0,0,396,708,1
2,9,f,1,0,1,0,70,309,620
2,10,l,1,0,0,0,301,109,303
2,10,f,1,2,0,0,126,1380,39840
2,10,l,1,0,0,0,404,163,16
2,10,l,1,0,0,0,100,2811,126
2,10,l,1,0,0,0,65,14,171
2,10,l,1,0,0,0,28711,100111,10099
2,10,l,1,0,0,0,66,7,79
2,10,f,1,0,0,0,9,201,2028
2,10,f,1,2,1,0,111,78,156
2,10,l,1,0,0,0,228906,128906,29
2,10,f,1,0,0,0,3,6,9
2,10,l,1,0,0,0,13,34,298
2,10,f,1,0,0,0,3000,961,1953
2,10,l,1,0,0,0,101,707,229
2,10,f,1,0,0,0,6,4,17
2,10,l,2,0,0,1,20,10,36
2,10,l,1,0,0,0,8,251,5
2,11,l,1,0,0,0,18,65,264
2,11,l,1,0,0,0,18,180,40
2,11,f,1,0,0,0,69,1427,1075
2,11,f,1,0,0,0,101,4,52320
2,11,l,1,0,0,0,999,17809,13612
2,11,f,1,2,0,0,400,6311,1114
2,11,l,1,0,0,0,33,607,51
2,11,f,1,0,0,0,66,207,32
2,11,l,1,0,0,0,2966,797,3066
2,11,l,1,0,0,0,333,18,51
2,11,f,1,0,0,0,3126000,857303,520165
2,11,l,1,0,0,0,12,103,44
2,11,l,2,0,0,1,40001,4001,62
2,11,f,1,0,0,0,19,212,4355
2,11,f,1,0,0,0,109,427,2374
2,11,f,1,0,1,0,28,89,96
2,12,f,1,0,0,0,103,507,48
2,12,l,1,0,0,0,7,29,7
2,12,l,1,0,0,0,13,189,8
2,12,f,1,0,0,0,21,9,261
2,12,f,1,0,0,0,5,12,13022
2,12,l,1,0,0,0,38,633,18
2,12,l,1,2,0,1,66,17,954
2,12,f,1,0,0,0,363,109,88
2,12,f,1,0,0,0,19,124,61
2,12,l,1,0,0,0,56617,19817,28
2,12,f,1,0,0,0,8,56,198
2,12,f,1,0,0,0,26003,18900,810
2,12,l,1,0,0,0,4,23,31
2,12,f,1,0,0,0,166,9,52
2,12,l,1,0,0,0,16000,4760,51
2,12,f,1,0,0,0,126,38,91
2,12,l,1,0,0,0,30000,1468007,931859
2,12,f,2,0,1,0,11,10,114
2,12,l,1,0,0,0,8,43,27
2,13,l,1,0,0,0,34,219,79
2,13,f,1,0,0,0,14,37,311
2,13,l,1,0,0,0,11,114,44
2,13,f,1,0,0,0,7,3,28
2,13,l,1,0,0,0,33,61,94
2,13,f,1,0,0,0,1024,555,4700
2,13,f,2,0,0,0,1,1819,285
2,13,l,1,0,0,0,66,4706,32
2,13,f,1,0,0,0,6981,14209,8
2,13,l,1,0,0,0,13,82,55
2,13,f,1,0,0,0,108,11,202
2,13,f,1,0,0,0,78,17,788
2,13,l,1,0,0,0,100,693,141
2,13,f,1,0,0,0,14,60,120
2,13,l,1,0,0,1,26,104,213
2,13,f,2,0,1,0,50,817,2813
2,13,l,1,0,0,0,26,73,1
2,13,l,1,0,0,0,18,6,15
2,14,l,1,0,0,0,22,63,412
2,14,f,1,0,0,0,1026,8011,497
2,14,l,1,0,0,0,13,40,12
2,14,f,1,0,0,0,9999,86904,155137
2,14,l,1,0,0,0,8,122,22
2,14,f,1,0,0,0,31,811,1560289
2,14,l,1,0,0,0,27,6,1
2,14,l,1,0,0,0,120,21,33
2,14,f,1,0,0,0,77,1480,174405
2,14,f,1,0,0,0,17,181,9
2,14,f,1,0,1,0,33000,2008,3
2,14,l,2,2,0,1,5000,122044,21000
2,14,f,1,0,0,0,1000000,61,1186
2,15,f,1,0,0,0,112,808,6
2,15,l,1,0,0,0,201,53,99
2,15,f,1,0,0,0,66,1311,447284
2,15,l,1,0,0,0,18,71,23
2,15,f,1,2,0,0,399,208,584
2,15,l,1,0,0,0,122,22,14
2,15,f,1,0,0,0,8,3,230089
2,15,l,1,0,0,0,26,10,51
2,15,f,1,0,0,0,333,97,335
2,15,l,1,0,0,0,11,5,2
2,15,f,1,0,0,0,1024,190,1264917
2,15,l,1,0,0,0,99,407,187
2,15,l,1,0,0,1,3,8,91
2,15,f,1,0,0,0,6,2,126
2,15,l,1,0,0,0,346,2380,208
2,15,f,2,0,1,0,67,28,95
2,16,f,1,0,0,0,18,4,162
2,16,l,1,0,0,0,11,6,1686717
2,16,f,1,0,0,0,8,28,15
2,16,l,1,0,0,0,96,27,100
2,16,f,1,2,0,0,333,811,37
2,16,l,1,0,0,0,26,10,29
2,16,f,1,0,0,0,7,43,1881
2,16,l,1,0,0,0,44,21,3
2,16,f,1,0,0,0,888887,437811,11801788
2,16,l,1,0,0,0,19,108,341
2,16,l,1,0,0,0,180,328,87
2,16,f,1,0,0,0,7,28,16
2,16,l,1,0,0,0,99,219,13933
2,16,f,1,0,0,0,66,401,174
2,16,l,2,0,0,0,16000,2716,252206
2,16,f,1,0,0,0,3,300008,17
2,16,f,1,0,0,0,1,20,6
2,16,l,1,0,0,0,36,103,29
2,16,l,1,0,0,0,38000000,319,4714
2,16,l,1,0,1,0,26,5,0
2,16,f,1,0,0,0,48,9,7
2,16,f,1,1,0,1,222,48,1358
2,17,l,1,0,0,0,26,311,7
2,17,f,1,0,0,0,333,1833009,42231
2,17,l,1,0,0,0,12,9,42
2,17,f,1,0,0,0,22,100,13
2,17,l,1,0,0,0,3333,1317,906898
2,17,f,1,0,0,0,690,63800,390
2,17,l,1,0,0,0,11,19,38
2,17,f,1,2,0,1,3000,999,150
2,17,l,1,0,0,0,211,109,1309
2,17,l,1,0,0,0,123,1707,1822
2,17,l,2,0,1,0,99,77,6
2,17,f,1,0,0,0,8,31,36
2,17,l,1,0,0,0,9911,38900,1139016
2,17,f,1,0,0,0,334,11901,1234239
2,17,l,2,0,0,0,4,9,26
2,18,l,1,0,0,0,119,908,776
2,18,f,1,0,0,0,333,2404,1756
2,18,l,1,0,0,0,56,312,32
2,18,f,1,0,0,0,19,473,55
2,18,f,1,0,0,0,68,6,7
2,18,l,1,0,0,0,99,27,96
2,18,l,1,0,0,0,13,87,971
2,18,f,1,0,0,0,111,273,9
2,18,l,1,0,0,0,26,12,17
2,18,f,1,0,0,0,100,19,457
2,18,l,1,0,0,0,33,136,10
2,18,f,2,0,0,1,66,18,76
2,18,l,1,0,0,0,16000,1008,40857
2,18,f,1,0,0,0,4800,49,49
2,18,l,1,0,1,0,46,108,264
2,19,f,1,0,0,0,8,28,736
2,19,l,1,0,0,0,11,4,3
2,19,f,1,0,0,0,527,1119,471
2,19,l,1,0,0,0,38,6,5056
2,19,f,1,2,0,0,7,20,466
2,19,l,1,0,0,0,2222,817,2339
2,19,f,1,0,0,0,22,9,2060
2,19,l,1,0,0,0,119,31,221
2,19,f,1,0,0,0,333,79,426
2,19,l,1,0,0,0,613,3500,960
2,19,f,1,0,0,0,44,304,61
2,19,l,1,0,0,0,119,2726,271
2,19,l,1,0,0,0,87,19,2867085
2,19,f,1,0,0,0,68,25,14493
2,19,f,1,2,0,1,500,1008,16
2,19,l,1,0,1,0,11,20,12985
2,20,l,1,2,0,0,34,16,35
2,20,f,1,0,0,0,11,178,191
2,20,f,1,0,0,0,100,9,41
2,20,l,1,0,0,0,36,4,10
2,20,l,1,0,0,0,10999,6104,12
2,20,l,4,0,1,0,33,7,144
2,20,f,1,0,0,0,16,20,91
2,20,l,1,0,0,0,79,19,284
2,20,f,1,0,0,0,42,12,39
2,20,l,1,0,0,0,54,22,753
2,20,f,1,0,0,0,9,343,43
2,20,l,1,0,0,0,55,8,49
2,20,l,1,0,0,1,69,54,536
2,21,f,1,0,0,0,12,200,887
2,21,l,1,0,0,0,88,24,90
2,21,f,1,0,0,0,6,71,25
2,21,f,1,2,0,0,100,3780,5245
2,21,f,1,0,0,0,99,43,12
2,21,f,1,0,0,0,89,953,114
2,21,f,1,0,0,0,26,5,19
2,21,l,1,2,1,0,2222,6700,50
2,21,f,1,0,0,0,767,21700,3165
2,21,l,1,0,0,0,66,130,12159
2,21,f,1,0,0,0,3,9,16
2,21,l,2,0,0,0,47,2177,219
2,21,f,1,0,0,0,9,7,215
2,21,f,1,0,0,1,33,95,52
2,22,f,1,0,0,1,50,21,19
2,22,l,1,0,0,0,34,714,103
2,22,f,1,0,0,0,3,114,36
2,22,l,1,0,0,0,196,46,7
2,22,f,1,0,0,0,16,109,92
2,22,l,1,0,0,0,9,18,388
2,22,l,1,0,0,0,99,3,174
2,22,f,1,0,0,0,100,16808,9867
2,22,l,1,0,0,0,68,890,513
2,22,f,1,0,0,0,13,159,4
2,22,l,1,2,1,0,1024,4728,10331
2,23,l,1,0,0,0,43,17,42
2,23,f,1,1,0,0,98,217,53
2,23,l,1,0,0,0,967,16928,3186825
2,23,f,1,0,0,0,33,3,164
2,23,l,1,2,1,0,429,270,505
2,23,f,1,0,0,0,8,50,1889
2,23,l,1,0,0,0,14,36,19
2,23,l,1,0,0,0,666,1309,22
2,23,f,1,0,0,0,8999,98,736
2,23,f,1,2,0,1,10000,158,9335
2,23,f,1,0,0,0,193000,14,108
2,23,l,1,0,0,0,7630,868411,2397055
2,23,f,1,0,0,0,1,11,7
2,24,l,1,0,0,0,16000,816,513
2,24,f,1,0,0,0,3609,704,58
2,24,l,1,0,0,0,87,141,74
2,24,f,1,0,0,0,1024,460,47
2,24,l,1,0,0,0,26,15,50
2,24,l,1,0,0,0,2000,28611,1837
2,24,l,1,2,1,0,79,116,109
2,24,f,1,0,0,0,260,26,100
2,24,l,1,0,0,0,6660,886000,1047293
2,24,f,1,0,0,0,6917,16,14
2,24,l,1,0,0,0,116,606,4
2,24,f,1,2,0,0,66,1390,148085
2,24,l,1,0,0,1,9,2,7
2,25,f,1,0,0,0,22,71,95
2,25,l,1,0,0,0,300,17,0
2,25,f,1,0,0,0,67,788,2846
2,25,l,1,0,0,0,116,5,8
2,25,f,1,0,0,0,2000000,892711,3288393
2,25,l,1,0,0,0,3,9,17
2,25,f,1,0,0,0,796,3704,52
2,25,f,1,0,0,0,34,10,64
2,25,l,2,0,1,0,26,11,223
2,25,f,1,0,0,0,196,39,206
2,25,l,1,0,0,0,30000,180604,5456
2,25,f,1,0,0,0,11000,206,314
2,25,l,1,0,0,0,2000,6809,1079572
2,25,f,1,0,0,1,66,104,42
2,26,l,1,0,0,0,46,83,27
2,26,f,1,0,0,0,5000,2870,59651
2,26,l,1,1,0,0,44,5,321
2,26,f,1,0,0,0,260,90,67963
2,26,l,1,0,0,0,18,172,69
2,26,f,1,0,0,0,18,65,322
2,26,f,1,0,0,0,96,31,448
2,26,l,1,0,0,0,13000,280004,79
2,26,f,1,0,0,0,36000,2000000,15523
2,26,f,1,0,0,0,33,12,59
2,26,l,1,0,0,0,1600,770,2690
2,26,f,1,0,0,0,66,770,107
2,26,f,1,0,1,0,58,27,1498
2,26,f,1,0,0,0,3,17,63
2,26,l,1,0,0,0,16,23,116
2,26,f,1,0,0,1,30,179,403
2,27,l,1,0,0,0,50000,1707,237
2,27,f,1,0,0,0,8,448,158
2,27,l,1,0,0,0,87,31,845
2,27,f,1,0,0,0,500,20,306
2,27,l,1,0,0,0,46,5,80
2,27,f,1,0,0,0,4470,447,129802
2,27,l,1,0,0,0,16000,4004,771406
2,27,l,1,0,0,0,18,81,1888
2,27,l,1,0,1,0,100000,27807,212
2,27,f,1,0,0,1,8000,800,4227848
2,28,l,1,0,0,0,36,18,64
2,28,f,1,0,0,0,36,6,8
2,28,l,1,0,0,0,18,5,32
2,28,f,1,0,0,0,8,22,38
2,28,l,1,0,0,0,3,11,18
2,28,f,1,0,0,0,2000,908,4677
2,28,l,2,0,1,0,8,34,13
2,28,f,1,0,0,0,89,414,140
2,28,f,1,2,0,1,64,38,13
2,28,l,1,0,0,0,11,18,63
2,28,f,1,0,0,0,12,4,31
2,28,l,1,0,0,0,122,52,37
2,28,l,1,0,0,0,4,10,497
2,29,f,1,0,0,0,2222,80,37
2,29,l,1,0,0,0,34,3,30
2,29,f,1,0,0,0,23,9,43
2,29,l,1,0,0,0,13,5,33
2,29,f,1,0,0,0,13,43,35
2,29,l,1,0,0,0,66,309,7
2,29,f,1,0,0,0,333,41,47
2,29,l,1,0,0,0,100000,300009,20
2,29,f,1,0,0,0,100,11,565
2,29,l,1,0,0,0,19,8,828
2,29,f,1,0,0,0,16,5,9
2,29,l,1,0,0,0,27,92,354
2,29,f,1,0,0,0,198,62,70
2,29,l,1,0,0,0,19,39,57
2,29,f,1,0,0,0,13,43,259
2,29,l,1,2,1,1,96,380,24
2,30,f,1,0,0,0,11,29,21
2,30,l,1,0,0,0,18,87,12
2,30,f,1,0,0,0,66,411,2991
2,30,f,1,0,0,0,31,9,351
2,30,l,1,1,0,0,15,73,50
2,30,f,2,0,0,0,13,49,266
2,30,l,1,0,0,0,89,7,228
2,30,f,1,0,0,0,218,118,37
2,30,f,1,0,0,0,18,0,23
2,30,l,1,0,0,0,36,104,63
2,30,f,1,0,0,0,4,13,71
2,30,f,1,0,0,1,14,8,60
2,30,l,1,0,0,0,1000,2807,3643
2,30,f,1,0,0,0,44,86,34
2,30,l,1,0,0,0,21,57,8839
2,30,l,1,0,1,0,19,41,63
2,30,f,1,0,0,0,5,16800000,118
2,31,f,1,0,0,0,13,4,20
2,31,l,1,0,0,0,28,11,86
2,31,f,2,0,0,1,60000,170810,14814
2,31,l,1,0,0,0,53,210,24
2,31,f,1,0,0,0,37,16,13
2,31,l,1,2,1,0,51,98,44
2,31,f,1,0,0,0,55,207,51
2,31,l,1,0,0,0,47,510,74
2,31,l,1,2,0,0,98,7,132
2,31,f,1,0,0,0,77,307,8
2,31,f,1,0,0,0,66,18,2141
2,31,f,1,0,0,0,108,28,45
2,31,l,1,0,0,0,2,28,141
2,32,f,1,0,0,0,22,68,72
2,32,l,1,0,0,0,12,90,78
2,32,f,1,0,0,0,20,11,159
2,32,l,2,0,0,0,32,17,15
2,32,f,1,0,0,0,7000,1804,43
2,32,l,1,0,0,0,399,207,968
2,32,f,1,0,0,0,468,119,293
2,32,f,1,0,0,0,11,35,26
2,32,l,1,0,0,0,77,93,67
2,32,f,1,0,0,0,21,3,10
2,32,l,1,0,0,0,30,97,1900
2,32,l,1,0,0,0,11,4,30
2,32,f,1,0,0,0,11,26,32
2,32,f,2,0,1,1,7,380407,1450827
2,33,f,1,0,0,0,19,8,278
2,33,l,1,0,0,0,33,83,46
2,33,f,1,0,0,0,125,25,267
2,33,l,1,0,0,0,13,28,89
2,33,l,2,0,1,0,28,40,19
2,33,f,1,0,0,0,44,8,22
2,33,f,1,0,0,0,51,8,6
2,33,l,1,2,0,0,56,8,169
2,33,f,1,0,0,0,26,70,3540
2,33,l,1,0,0,0,79,130,58
2,33,l,1,0,0,0,199,19,3337
2,33,f,1,0,0,0,100,29,8479
2,33,l,1,0,0,1,61,217,390
2,34,f,1,0,0,0,30,61,179
2,34,l,1,0,0,0,28,90,269
2,34,f,1,0,0,0,2000,730,20
2,34,l,1,0,0,0,42,114,248
2,34,f,1,0,0,0,10,19,44
2,34,l,1,0,0,0,58,368,941
2,34,f,1,0,0,0,33,169,15
2,34,l,1,0,0,0,66,7,10
2,34,l,1,0,0,0,28,9,119
2,34,f,1,0,0,0,25,3,430
2,34,l,1,0,0,0,7,4,10
2,34,l,2,0,1,1,70,120,32
2,34,f,1,0,0,0,4000,1604,640
2,34,l,1,0,0,0,89,38,4107
2,35,l,1,0,0,0,35000,106,1401
2,35,l,1,0,0,0,84,53,172
2,35,f,1,0,0,0,10,28,569
2,35,l,1,0,0,0,116,481,1161
2,35,l,1,0,0,0,98,37,200
2,35,f,1,2,0,0,145,45,1073
2,35,l,1,0,0,0,3000,780000,23961
2,35,f,1,0,0,0,0,63004,123
2,35,l,1,0,0,0,560000,2007,20970
2,35,f,1,0,0,0,350000,2768004,1868644
2,35,l,2,0,1,0,18,9,1064
2,35,f,1,0,0,1,200,86,1562
2,35,l,1,0,0,0,1000,100,1018
2,36,f,1,0,0,0,130,18706,9728
2,36,l,1,0,0,0,569,2809,403
2,36,f,1,0,0,0,1500,216,9759
2,36,l,1,0,0,0,3500,28004,25
2,36,l,1,1,1,0,69,4,128
2,36,f,1,0,0,0,11,51,238
2,36,l,1,0,0,0,33,3706,1869
2,36,l,1,0,0,0,49,30,4323
2,36,f,1,0,0,0,2,14,13
2,36,f,1,0,0,0,100,46,25115
2,36,f,2,0,0,1,49,108,8
2,36,l,1,0,0,0,33,1309,4997
2,37,f,1,2,0,1,15000,30805,30
2,37,l,1,0,0,0,33,180,176340
2,37,l,1,0,0,0,56,4,216
2,37,l,1,1,0,0,199,421,1240
2,37,f,1,0,0,0,99,309,9105
2,37,f,1,0,0,0,77,9,98
2,37,l,1,0,0,0,150,31,396789
2,37,f,1,0,0,0,223,1100,88
2,37,l,1,1,1,0,78,165,119
2,37,f,1,0,0,0,96,609,5
2,37,l,1,0,0,0,58,4,89
2,37,f,1,0,0,0,10000,64,183616
2,38,f,1,0,0,0,223,1907,29381
2,38,l,1,0,0,0,39,7,26
2,38,f,1,0,0,0,190000,19806,61701
2,38,l,1,0,0,0,300,11,93
2,38,f,1,2,0,0,600,19,1135
2,38,l,1,0,0,0,41,111,1415
2,38,l,1,0,0,0,100,67,50
2,38,l,1,0,0,0,99,26,6
2,38,f,1,0,0,0,13000,8609,72
2,38,l,1,0,0,0,202,480,24
2,38,f,1,0,0,0,69,890,33
2,38,f,1,0,0,0,333,9080,39925
2,38,f,1,0,0,1,19,8,4327
2,38,l,1,0,1,0,189,28,381
2,39,f,1,0,0,0,147,7700,15
2,39,l,2,0,0,0,33,410,45
2,39,f,1,0,0,0,55,3,54
2,39,l,1,0,0,0,11,18,16
2,39,l,1,0,0,0,95,360,147
2,39,f,1,0,0,0,7,21,11
2,39,f,1,2,0,1,9121,22807,579866
2,39,l,1,0,0,0,21,6,27
2,39,f,1,0,0,0,46,28,685
2,39,l,1,0,1,0,88,207,81384
2,39,f,1,0,0,0,222,1800,3529
2,40,f,1,0,0,0,8,62,11
2,40,l,1,2,0,0,333,580,535
2,40,f,1,0,0,0,100,2200,15821
2,40,l,1,0,0,0,119,5,3961
2,40,f,1,0,0,0,13,210,1015
2,40,l,1,0,0,0,55,20009,68
2,40,f,1,0,0,0,99,21,8
2,40,l,1,0,1,0,120,37,11
2,40,f,1,0,0,0,22000,1010,191
2,40,l,1,0,0,0,18,5,23
2,40,f,1,0,0,0,68,1993,190
2,40,l,1,0,0,0,28,2000,307
2,40,f,1,0,0,1,18,181,57
2,40,f,1,0,0,0,22,8,53
2,40,l,1,0,0,0,6,15,46
2,41,f,1,0,0,0,69,508,24
2,41,l,1,0,0,0,19,11,9
2,41,f,1,0,0,0,300,680,20
2,41,l,1,0,0,0,1300,7,31
2,41,f,1,0,0,0,500,5,107
2,41,l,1,0,0,0,16,12,11
2,41,f,1,0,0,0,89,2807,70
2,41,l,1,0,0,0,9,20,12
2,41,l,1,0,0,0,99,2800,287
2,41,f,1,0,1,0,17,6,18
2,41,l,1,0,0,0,69,509,40
2,41,l,1,0,0,1,43,4,1459
2,42,f,1,0,0,0,300,61,12
2,42,l,1,0,0,0,76,101,78
2,42,f,1,0,0,0,97,35,16
2,42,f,1,0,0,0,34,14,539
2,42,l,1,0,0,0,56,309,235
2,42,l,1,0,0,0,23,2,7
2,42,f,1,0,0,0,18,211,13
2,42,l,1,0,0,0,25,1180,1514
2,42,f,1,0,0,0,357,7609,168
2,42,l,1,0,1,0,111,50,129
2,42,f,1,0,0,1,899,560,187
2,43,l,1,0,0,0,15,60,450
2,43,f,1,0,0,0,46,4,182
2,43,l,1,0,0,0,56,3,8
2,43,f,1,0,0,0,14,3,5
2,43,l,1,0,0,0,68,3809,2143
2,43,f,1,0,0,0,56,3,16
2,43,l,1,0,0,0,44,13760,534
2,43,l,1,0,0,0,33,13,4
2,43,f,1,0,0,1,96,705,343
2,43,l,1,0,0,0,68,9008,225
2,43,l,1,0,0,0,8,3,28
2,43,l,1,0,1,0,44,5,42
2,43,f,1,0,0,0,21,6,11
2,43,l,1,2,0,0,11111,100,1276
2,44,f,1,0,0,0,23,11,119
2,44,l,1,0,0,0,15,60,477
2,44,f,1,0,0,0,19,9,6
2,44,l,1,0,0,0,13,14,20
2,44,f,1,0,0,0,68,328,1943
2,44,l,1,0,0,0,113,500,75
2,44,l,1,0,0,0,56,409,44
2,44,f,1,0,0,0,5,11,6
2,44,l,1,0,0,0,288,420,36
2,44,f,1,0,0,0,21,11,152
2,44,l,1,0,1,0,100,60,208
2,44,f,1,0,0,0,33,86,1059
2,44,l,1,0,0,0,36,62,50
2,44,f,1,0,0,1,70,128,81
2,45,f,1,0,0,0,79,180,28
2,45,l,1,0,0,0,33,12,12
2,45,f,1,0,0,0,100,1008,48
2,45,f,1,0,0,0,99,217,41
2,45,l,1,0,0,0,15,206,4421
2,45,l,1,0,0,0,300,400,64
2,45,f,1,0,0,0,55,7,14
2,45,f,1,0,0,1,146,46,4683
2,45,l,1,0,1,0,28,119,230
2,45,l,1,0,0,0,11,36,226
2,46,f,1,0,0,0,49,297,252
2,46,l,1,0,0,0,33,7,229
2,46,l,1,0,0,0,56,20,298
2,46,l,1,2,1,0,44,19,264
2,46,f,1,0,0,0,3601,1207,1258
2,46,f,1,0,0,0,1000,12700,24
2,46,l,1,0,0,0,128,5,54
2,46,f,1,0,0,0,2223,780,49
2,46,l,1,0,0,0,179,3,46
2,46,f,1,0,0,0,79,2018,127
2,46,f,1,2,0,1,333,1500,533
2,46,l,1,0,0,0,67,16,13
2,47,l,1,0,0,0,79,208,18
2,47,f,1,0,0,0,222,7819,532
2,47,l,1,0,0,0,88,6,9
2,47,f,1,0,0,0,15,7,16
2,47,f,1,0,0,0,14,28,58
2,47,l,1,0,0,0,33,515,51
2,47,f,1,0,0,0,100,13,10
2,47,l,1,0,0,0,66,108,62
2,47,l,1,0,0,0,26,8,114
2,47,f,1,0,0,0,8,16,21
2,47,l,1,0,0,0,11,20,42
2,47,l,2,0,1,0,28,40,11
2,47,f,1,0,0,0,2500,163,37
2,47,l,1,0,0,1,14,35,191
2,47,f,1,0,0,0,11,4,23
2,48,l,1,0,0,0,694,1800,5568
2,48,f,1,0,0,0,1800,416,253
2,48,l,1,0,0,0,88,620,1130
2,48,f,1,0,0,0,100,4300,80
2,48,l,1,0,0,0,33,18,69
2,48,l,1,0,0,0,100,6,8
2,48,f,1,0,0,1,91,909,523
2,48,l,1,0,0,0,18,53,97
2,48,l,1,0,0,0,16,4,9
2,48,l,1,0,0,0,23,8,34
2,48,l,1,0,1,0,222,16800,141
2,49,l,1,2,1,0,23,5,144
2,49,f,1,0,0,0,8,21,59
2,49,l,1,0,0,0,5,13,12330
2,49,f,1,0,0,0,11,560,12
2,49,l,1,0,0,0,20,45,37
2,49,f,1,0,0,0,10807,120807,1001735
2,49,l,1,0,0,0,1500000,2,4960849
2,49,f,1,0,0,0,102,1202,3788384
2,49,l,1,0,0,0,37,7,102
2,49,l,1,0,0,0,15,52,282
2,49,f,1,0,0,1,111,1060,1566013
2,49,l,1,0,0,0,111,16,144
2,49,f,1,0,0,0,12,38,1740
2,49,l,1,0,0,0,18,89,116
2,49,f,1,0,0,0,333,717,119
2,50,l,1,0,0,0,56,308,44
2,50,f,1,0,0,0,56,2060,2934
2,50,f,1,0,0,0,333,31,214
2,50,l,1,0,0,0,13,5,20919
2,50,f,1,2,0,0,11111,2707,9530
2,50,l,1,0,0,0,45000,1800009,11488
2,50,f,1,0,0,0,1024,7800,4006
2,50,l,1,0,0,0,201,908,10
2,50,f,1,0,0,0,66,408,24
2,50,l,1,0,0,0,9,3,24
2,50,f,1,0,0,1,1000,14909,40776
2,50,l,1,0,0,0,88,9,13
2,50,f,1,0,0,0,5000,390,1211021
2,50,l,1,2,1,0,12,8,796
2,50,f,1,0,0,0,49,126,6
2,50,f,1,0,0,0,55333,16100,372035
2,50,l,1,2,0,0,17,6,39
2,51,l,1,0,1,0,63,22,14118
2,51,f,1,0,0,0,16,216,5894
2,51,l,1,0,0,0,26,10,29
2,51,l,1,0,0,0,1900,330,12
2,51,f,1,2,0,1,3667,73,963
2,51,l,1,0,0,0,222,3801,507
2,51,f,1,0,0,0,28,13,13
2,51,l,1,0,0,0,18,3006,107
2,51,f,1,0,0,0,100000,414,2161
2,51,l,1,0,0,0,17000,700,80612
2,51,f,1,0,0,0,77,32,35
2,52,l,1,0,0,0,11000,84,7425
2,52,f,1,2,0,0,8,19,19
2,52,l,1,0,0,0,56,12,27793724
2,52,f,1,0,0,0,28,126,31
2,52,l,1,0,0,0,19,208,432
2,52,l,1,0,0,0,100,811,114
2,52,f,1,0,0,0,300,1891,513
2,52,l,1,0,0,0,33,120,87
2,52,f,1,0,0,0,6052,2009,17199
2,52,l,1,2,1,0,21,7,10
2,52,f,1,0,0,0,66,14,40
2,52,l,1,0,0,1,20,58,33
2,53,f,1,0,0,0,64,22,12879
2,53,l,1,0,0,0,16,3,24
2,53,f,1,0,0,0,33000,9803,938
2,53,l,1,0,0,0,16000,912,6062
2,53,f,1,0,0,0,296,2016,396966
2,53,l,1,0,0,0,697,79,54570
2,53,f,1,0,0,0,68,160,1314
2,53,l,1,0,0,0,9,4,13
2,53,f,1,0,1,0,6000,701,153010
2,53,l,1,0,0,0,36000,15300,22359
2,53,f,1,0,0,0,66,24,35
2,53,l,1,0,0,1,6666,202,57
2,54,f,1,0,0,0,1112,51,3601
2,54,l,1,0,0,0,220,12,48
2,54,f,1,0,0,0,49,108,927
2,54,l,1,0,0,0,100,1002,10584
2,54,f,1,0,0,0,666,3800,8658
2,54,l,1,0,0,0,300,6,21
2,54,l,1,2,1,0,420,279,64
2,54,f,1,0,0,0,3100,1333,1250
2,54,l,1,0,0,0,148,909,83
2,54,l,1,0,0,0,654,2509,11
2,54,f,1,0,0,0,48,9,534
2,54,f,1,0,0,1,6,3404,1290
2,55,f,1,0,0,0,77,201,1246
2,55,l,1,0,0,0,77,9,57352
2,55,f,1,0,0,0,999,12701,112
2,55,l,1,2,1,0,144,380,609
2,55,f,1,0,0,0,89,22,24
2,55,l,1,0,0,0,116,45,36001
2,55,f,1,0,0,0,54,498,82
2,55,l,1,0,0,0,5930,120007,216
2,55,f,1,0,0,0,98,17,145
2,55,l,1,0,0,0,18,202,23
2,55,f,1,0,0,0,199,618,269
2,55,f,1,0,0,0,66,8,66
2,56,f,1,0,0,0,1333,192,85
2,56,l,1,0,0,0,99,626,2318
2,56,f,1,0,0,0,100,29,2110
2,56,l,1,0,0,0,64000,280000,9
2,56,f,1,2,0,0,19,4,4770
2,56,l,1,0,0,0,36,17,446
2,56,f,1,0,0,0,93,112,103
2,56,f,1,0,0,0,8,45,75
2,56,l,1,0,0,0,17,32,78
2,56,f,1,0,0,0,18900,189,8509
2,56,f,1,0,0,1,3333,617,887
2,56,f,1,2,1,0,38,15,107
2,57,l,1,2,0,0,38,15,199
2,57,f,1,0,0,0,28000,8407,111
2,57,l,1,0,0,0,400,1708,1775
2,57,f,1,0,0,0,66,493,123
2,57,l,1,0,0,0,28,88,82
2,57,f,1,0,0,0,600,9929,18
2,57,l,1,0,0,0,16000,100,31475
2,57,f,1,0,0,0,1068,21800,913
2,57,l,1,0,1,0,34,211,41
2,57,f,1,1,0,1,99,916,601
2,58,l,1,0,0,0,68,680,1843
2,58,f,1,0,0,0,123,41,7
2,58,f,1,0,0,0,6,19,297
2,58,f,1,0,0,1,100000,1800000,26
2,58,f,1,0,1,0,3333,47,47
2,58,l,1,0,0,0,18,6,33
2,58,f,1,0,0,0,49,1,56
2,58,l,1,0,0,0,48,15,22
2,58,f,1,2,0,0,96000,11800,1727
2,58,f,1,0,0,0,301,99,54
2,58,f,1,0,0,0,333,3719,43905
2,58,l,1,0,0,0,66,24,262
2,59,f,1,0,0,0,600,161,4915
2,59,l,1,0,0,0,169,2160,2
2,59,l,1,2,1,0,234,68,2153
2,59,f,1,0,0,0,129,9,312
2,59,l,1,0,0,0,100,73,42
2,59,f,1,0,0,0,147,24,246
2,59,l,1,0,0,0,19,61,27
2,59,f,1,0,0,0,12,170,28
2,59,l,1,0,0,0,76,7,85
2,59,f,1,0,0,0,60,25,7
2,59,l,1,0,0,0,200,816,7
2,59,f,1,0,0,0,66,13,23
2,59,f,1,0,0,1,28,14,10
2,59,l,1,0,0,0,14,11,11
2,60,f,1,0,0,0,99,33,499
2,60,f,1,2,0,0,56,19,1208
2,60,f,1,0,0,0,49,7,162
2,60,f,1,0,0,0,22,10,16
2,60,l,1,0,0,0,67,216,1666
2,60,l,1,0,0,0,112,1004,4135
2,60,f,1,0,0,0,99,208,227
2,60,f,1,0,0,0,146,58,259
2,60,l,1,0,0,0,39,384,25
2,60,l,1,0,0,0,222,1112,807
2,60,l,1,0,0,0,92,412,3
2,60,l,1,0,1,0,666,2107,705
2,60,f,1,0,0,0,300,570,2778
2,60,f,1,0,0,1,16,8,370
2,61,l,1,0,0,0,146,1206,92
2,61,f,1,0,0,0,133,9416,285
2,61,l,1,0,0,0,79,216,67
2,61,f,1,2,0,1,62,118,339
2,61,l,1,0,0,0,13326,816,896
2,61,l,1,0,0,0,47,1,4118
2,61,f,1,0,0,0,78,17,41
2,61,f,1,0,0,0,28,3,36
2,61,l,1,0,0,0,102,32,3943
2,61,l,1,2,1,0,34,121,214
2,62,l,1,0,0,0,60,119,19
2,62,f,1,0,0,0,11,80,37
2,62,l,1,0,0,0,100,26,41
2,62,l,1,2,1,0,103,363,56868
2,62,f,1,0,0,0,200,16709,28404
2,62,f,1,0,0,0,89,488,776
2,62,f,1,0,0,1,232,916,25616
2,62,l,1,0,0,0,6,17,7
2,62,f,1,0,0,0,14,83,39
2,62,l,1,0,0,0,269,2622,31
2,62,f,1,2,0,0,99,220,54
2,62,l,1,0,0,0,44,22,527
2,63,l,1,0,0,0,17,45,11
2,63,f,1,0,0,0,10,29,12637
2,63,l,2,2,0,0,46,92,130
2,63,f,1,0,0,0,12703,5,1457063105
2,63,l,1,1,0,0,21,89,2949
2,63,f,1,0,0,0,24,9,53
2,63,l,1,0,0,0,7,30,10
2,63,f,1,0,0,0,396,87,184
2,63,l,1,0,0,0,44000,2664813,1501
2,63,f,2,0,0,1,6,300,109
2,64,l,1,0,0,0,99,2607,0
2,64,f,1,0,0,0,222,9417,1711
2,64,l,2,0,1,0,108,39,16
2,64,f,1,2,0,1,100,290,44
2,64,l,1,0,0,0,58,21,41
2,64,f,1,2,0,0,36,103,623
2,64,l,1,0,0,0,66,200,5
2,64,f,1,0,0,0,333,183,3066
2,64,f,1,0,0,0,449,1307,352
2,65,f,1,0,0,0,117,16,102
2,65,l,1,0,0,0,200,6804,41
2,65,f,1,0,0,0,2,2800000,135
2,65,l,1,0,0,0,10000,7300,1566
2,65,f,1,0,0,0,18,7,192
2,65,f,1,2,0,1,1024,304,3179
2,65,f,1,0,0,0,28,11,38
2,65,l,1,0,0,0,133,1704,1553
2,65,l,1,0,0,0,222,24803,15
2,65,f,1,0,0,0,100,37,2242
2,65,l,1,0,0,0,36,51,111
2,65,f,1,0,0,0,333,1700000,31
2,65,l,1,0,1,0,56,18,1
2,65,f,1,0,0,0,400,43,831
2,65,f,1,0,0,0,3,11,5
2,66,l,1,0,0,0,423,4,827
2,66,f,1,0,0,0,279,1604,14
2,66,l,1,0,0,0,16000,628,3475
2,66,l,1,0,0,0,66,2624,157
2,66,f,1,0,0,0,97000,820000,713475
2,66,l,1,0,0,0,69,280,28167
2,66,l,2,2,0,0,33,19,18
2,66,f,1,0,0,1,9,91,3273975
2,66,l,1,0,0,0,18,4,4
2,66,l,1,0,0,0,13,13000,0
2,66,l,1,0,1,0,12,2,25
2,66,f,1,2,0,0,100000,32706,151006
2,66,l,1,0,0,0,7,213,151
2,67,l,1,2,0,0,128,280,695
2,67,f,1,0,0,0,6,34,994
2,67,l,1,2,0,0,77,14,139
2,67,f,1,0,0,0,96,780,1
2,67,l,1,0,0,0,7,2,17
2,67,f,1,0,0,0,5555,760,12613493
2,67,l,1,0,0,0,334,12726,3975
2,67,l,1,0,1,0,42,190,72271
2,67,f,1,0,0,0,66,216,73
2,67,f,1,0,0,1,8160,816,2326
2,68,l,1,0,0,0,69,11,1569
2,68,f,1,0,0,0,33,3,571
2,68,l,2,0,0,0,77,848,570307
2,68,f,1,0,0,0,163,63,18
2,68,l,1,0,0,0,163,42,286
2,68,f,1,0,0,0,28,7,123641
2,68,f,1,0,0,0,57,4,37
2,68,l,1,2,1,0,147,313,40519
2,68,f,1,0,0,0,1239,4700,6922
2,68,f,1,0,0,0,666661,3700000,356
2,68,l,1,0,0,0,14000000,4600000,2945476
2,68,f,1,0,0,1,4,93,165
2,69,l,1,0,0,0,38,15,6117
2,69,f,1,0,0,0,13327,716,145
2,69,f,1,0,0,0,319,10,11
2,69,l,1,0,0,0,39,140,17
2,69,l,1,0,0,0,24,281,34
2,69,f,1,0,0,0,88,9,99
2,69,f,1,0,0,0,222,1060,42
2,69,f,1,0,0,1,6,14,1818
2,69,l,1,0,0,0,67,182,936
2,69,l,1,0,1,0,46,103,150
2,70,l,1,0,0,0,7,15,53
2,70,f,1,0,0,0,63,21000,4032
2,70,l,1,0,0,0,100,1860,51
2,70,f,1,0,0,0,28,58,333
2,70,l,1,0,0,0,12222,116,3170
2,70,f,1,0,0,0,119,19,4517
2,70,f,1,0,0,0,39,4,61
2,70,f,1,0,0,0,3333,43600,14
2,70,l,1,0,0,0,138,907,75
2,70,f,1,0,0,0,16000,716,35435
2,70,l,1,0,1,0,666,120,534
2,70,l,1,0,0,0,10000,2026,353
2,70,f,1,0,0,1,79,4560,1519
2,70,f,1,2,0,0,500,2816,2087
2,70,f,1,0,0,0,5630,12070,5222630
2,71,f,1,0,0,0,28,62,5542
2,71,l,1,0,0,0,44,112,396
2,71,f,1,0,0,0,27,7,128
2,71,l,1,0,0,0,55,180,32
2,71,f,1,0,0,0,175,230,343
2,71,f,1,0,0,0,31,2,6377
2,71,l,1,0,0,0,42,222,59
2,71,f,1,0,0,0,7,16,390
2,71,l,1,2,1,0,67,100,84
2,71,l,1,0,0,0,12,35,51
2,71,f,1,0,0,0,44,13,128
2,71,l,1,0,0,0,666,141,85
2,71,f,1,1,0,1,33,99,671
2,71,l,1,0,0,0,9,4,18
2,72,l,1,0,0,0,68,404,30582
2,72,f,1,0,0,0,33,80,55
2,72,l,1,2,0,0,38000,828,7
2,72,f,1,0,0,0,99,19,45
2,72,f,1,0,0,0,17,4,51
2,72,f,1,0,0,1,99,912,16510
2,72,l,1,0,0,0,6,15,45
2,72,l,1,0,1,0,1699,12617,14404
2,72,f,1,1,0,0,19,8,14871
2,72,l,1,0,0,0,333,1600,3263
2,72,l,1,0,0,0,7,28,1358
2,72,f,1,0,0,0,7,93,288
2,73,f,1,0,0,0,14,3,885
2,73,l,1,0,0,0,128,1409,46
2,73,f,1,0,0,0,101,1303,139
2,73,l,1,0,0,0,15,2660,50
2,73,l,1,0,0,0,11,6,32
2,73,f,1,0,0,0,99,29,25964
2,73,l,1,0,0,0,69,48,30
2,73,f,1,0,0,0,37,130,350
2,73,l,1,0,0,0,48,230,529
2,73,f,1,0,0,0,997,8700,61
2,73,l,1,0,0,0,500,74,55
2,73,f,1,0,0,1,8,18,65
2,73,l,1,0,1,0,1033,516,625
2,73,f,1,0,0,0,888,4600,2297
2,74,l,1,0,0,0,699,2816,4924
2,74,f,1,0,0,0,99,216,8746
2,74,l,1,0,0,0,3063,83,235
2,74,f,1,0,0,0,129,31,25
2,74,l,1,0,0,0,49,9,34
2,74,f,1,0,0,0,66,12,245
2,74,f,2,0,0,1,44,198,133
2,74,f,1,0,0,0,969,60,6373
2,74,l,1,0,0,0,18,120,78
2,74,f,1,0,0,0,119,43,190
2,74,l,1,0,1,0,3333,87414,52241
2,74,l,1,0,0,0,7,2,31111
2,75,f,1,0,0,0,8,17,62
2,75,l,1,0,0,0,11,5,41
2,75,f,1,0,0,0,999,13800,330
2,75,l,1,1,0,0,29,120,1415
2,75,f,1,0,0,0,32,360,48
2,75,l,1,0,0,0,439,102,732
2,75,f,1,0,0,0,29,9,9
2,75,l,1,0,0,0,129,290,1489
2,75,f,1,0,0,0,4881,480,32
2,75,f,1,0,0,0,21,1,9
2,75,f,1,0,0,0,39,9,49
2,75,l,1,0,0,0,39,240,413
2,75,f,1,0,0,1,12,82,50
2,75,l,1,0,0,0,2222,2,28
2,75,f,1,0,0,0,15,98,6
2,75,f,1,0,0,0,6,17,22
2,75,f,1,0,1,0,15,79,42
2,76,f,1,0,0,0,25,5,10
2,76,l,1,0,0,0,14,70,19
2,76,f,1,0,0,0,394,121,1451
2,76,l,1,0,0,0,23,1420,197
2,76,l,1,0,0,0,66,390,61
2,76,f,2,0,0,1,400,140,316
2,76,f,1,0,0,0,111,32,169
2,76,l,1,2,1,0,29,81,26
2,76,f,1,0,0,0,2,13,12
2,76,f,1,2,0,0,333,2322,45
2,76,f,1,0,0,0,99,16,1777
2,76,f,1,0,0,0,2,18,18
2,76,l,1,0,0,0,4,10,189
2,76,l,1,0,0,0,201,416,21
2,77,l,1,0,0,0,13,2006,6
2,77,f,1,0,0,0,29,7,21
2,77,l,1,0,0,0,300,13820,1557
2,77,f,1,0,0,0,138,40,83840
2,77,f,1,0,0,0,1,10000002,18227
2,77,l,1,0,0,0,11,78,602
2,77,f,1,0,0,0,13,61,150
2,77,l,1,0,0,0,49,2816,4963
2,77,f,1,2,0,0,89,550,126
2,77,f,1,0,0,0,362,62,552
2,77,l,1,0,0,0,469,2816,45828
2,77,f,1,0,0,1,66,233,282
2,77,l,1,0,1,0,1069,4,1556
2,78,f,1,0,0,0,67,206,303
2,78,f,1,0,0,0,33,11,1097
2,78,l,1,0,0,0,66,20,368
2,78,f,1,0,0,0,555,322,70
2,78,f,1,0,0,0,18,179,341
2,78,l,1,0,0,0,13,63,126
2,78,f,1,0,0,0,108,314,2301
2,78,l,1,0,0,0,99,19,86
2,78,f,1,0,0,0,55,101,1940
2,78,l,1,0,0,0,120,299,1858
2,78,f,1,0,0,0,38,7,89
2,78,f,1,0,0,1,888,2800,3421
2,78,l,1,0,0,0,700,2700,310
2,78,l,1,0,1,0,8,25,174
2,78,f,1,0,0,0,5,12000000,373
2,79,l,1,0,0,0,33,7,117
2,79,f,1,0,0,0,999,4600000,1
2,79,l,1,0,0,0,28,7,81
2,79,f,1,0,0,0,600000,28603,26548
2,79,l,2,0,0,0,15,282,1195
2,79,f,1,0,0,0,21,7,79
2,79,l,2,0,0,0,38,208,1229
2,79,f,1,0,0,0,93,2048,37157
2,79,f,1,2,0,1,26555,3120,9788
2,79,l,1,0,0,0,44312,185255,3887454
2,79,f,1,0,0,0,40,181,86
2,79,l,1,0,0,0,15,7,104
2,79,f,1,0,0,0,57,27,27
2,79,l,1,0,1,0,36,1,28
2,80,l,1,0,0,0,238,63,1902
2,80,f,1,0,0,0,57,20,79
2,80,l,1,0,0,0,97,3250,696
2,80,l,1,0,0,0,3600,706,107
2,80,f,1,0,0,0,1795,201,60
2,80,l,1,0,0,0,99,1004,12
2,80,f,1,0,0,0,43,130,20
2,80,f,1,0,0,1,7,86,1602
2,80,l,1,0,0,0,77,5,3264
2,80,l,1,2,1,0,37,92,851
2,80,f,2,0,0,0,667,1910,2422
2,81,l,1,0,0,0,103,27,14
2,81,l,2,0,1,0,8000,2104,377768
2,81,l,1,0,0,0,5500000,1400000,1054117
2,81,l,1,0,0,0,8,3,14
2,81,f,1,0,0,0,99,380,92
2,81,f,1,0,0,0,7,21,37
2,81,f,1,0,0,0,333,930,1552
2,81,f,1,0,0,1,5698,109,336815
2,81,l,1,0,0,0,356,81,1812335
2,81,f,1,0,0,0,13,2800000,784811
2,82,l,1,0,0,0,36,9,260
2,82,f,1,1,0,0,339,89,2420
2,82,l,1,0,0,0,109,51,75
2,82,f,1,2,0,0,2200,460,78
2,82,l,1,0,0,0,4000000,860000,53756
2,82,f,1,0,0,0,8,17,166
2,82,l,1,0,0,0,38,138,35
2,82,f,1,0,0,0,14444,38000,108673
2,82,l,1,0,0,0,15,41,43
2,82,f,1,0,0,1,555,1170,3031
2,82,l,1,0,0,0,26,373,2249
2,82,f,1,0,0,0,6,18,1804
2,82,l,1,0,0,0,69,23,845
2,82,l,1,0,1,0,18,4,14
2,82,f,1,0,0,0,21,218,7
2,83,l,1,0,0,0,302,101,25
2,83,f,1,0,0,0,9,19,57
2,83,l,1,0,0,0,56,216,317
2,83,l,1,0,0,0,11,4,115
2,83,f,1,0,0,0,333,960000,1973
2,83,f,1,0,0,0,44,440,2053
2,83,f,1,0,0,1,111,2818,74
2,83,f,1,0,0,0,111,286,427
2,83,l,1,0,0,0,99,320,36821
2,83,l,1,2,1,0,132,199,119
2,83,f,1,0,0,0,299,96,2949
2,83,f,1,0,0,0,13,58,1931
2,83,f,1,0,0,0,44,6,1618
2,83,f,1,0,0,0,79,8,1764
2,84,f,1,0,0,0,3,14,14
2,84,l,1,0,0,0,15,49,38
2,84,f,1,0,0,0,2223,36412,1067
2,84,l,1,0,0,0,200,28,594
2,84,f,1,0,0,0,17,4,4
2,84,l,2,0,1,0,21,9,10689
2,84,f,1,0,0,0,31,138,337
2,84,f,1,0,0,0,249000,4500000,482889
2,84,l,1,0,0,0,14,758,6267
2,84,f,1,0,0,1,16,6,15
2,84,l,1,0,0,0,128,2300,135
2,84,f,1,2,0,0,5623,19,189
2,84,l,1,0,0,0,16,210,17
2,84,l,1,0,0,0,15,101,35
2,84,l,1,0,0,0,16,89,957
2,84,l,1,0,0,0,333,112,64
2,85,l,1,0,0,0,97,230,352014
2,85,f,1,0,0,0,200,49,1792
2,85,l,1,0,0,0,14000,2100,1903
2,85,f,1,2,0,0,18,209,31
2,85,l,1,0,1,0,12,24,865
2,85,f,2,0,0,0,101,380,54692
2,85,l,1,0,0,0,19,6,71
2,85,f,1,0,0,0,10000000,3800000,179310
2,85,l,1,0,0,0,107,32,72
2,85,f,1,0,0,0,3000,919,4019
2,85,l,1,0,0,0,216,28,456
2,85,f,1,0,0,1,135,292,4269
2,85,l,1,0,0,0,877000,401000,246
2,86,f,1,0,0,0,27,16,9
2,86,l,1,0,0,0,1033,28700,235642
2,86,f,1,0,0,0,960,365,99188
2,86,l,1,0,0,0,76777,1600000,94068397
2,86,f,1,0,0,0,4960,587,507785
2,86,l,1,0,0,0,299,1004,379
2,86,f,1,0,0,0,2555,233,7089
2,86,l,1,0,0,0,68,21,1808
2,86,l,1,0,0,0,99,13,12283
2,86,f,1,0,0,0,19,8,112
2,86,l,1,0,0,0,317,17000,545
2,86,l,1,0,0,0,1096,180,135
2,86,f,1,0,0,0,2000,800000,8425757
2,86,f,1,0,0,1,279,68300,448
2,86,l,1,0,1,0,79,31,308
2,86,f,1,0,0,0,117,7,56
2,86,l,1,0,0,0,56000,11,159470
2,87,l,1,0,0,0,13,138,17
2,87,f,1,0,0,0,48,680004,452
2,87,l,1,0,0,0,400000,12090,59046
2,87,f,1,0,0,0,11,43,50
2,87,l,1,0,0,0,36,13,1128
2,87,f,1,0,0,0,600,2015,83894
2,87,l,2,0,0,0,48,118,53
2,87,l,1,0,0,0,1096,5,2784
2,87,l,1,0,0,0,5,9,6
2,87,f,1,0,0,0,38,14,26
2,87,f,1,0,0,0,3500000,1700090,1117429
2,87,l,1,0,0,0,29,2220,8
2,87,f,1,0,0,1,734,16,10
2,88,l,1,0,0,0,36,5,90
2,88,f,1,0,0,0,196,9070,149
2,88,l,1,0,0,0,19,83,514
2,88,f,1,0,0,0,40,100,413
2,88,l,1,0,0,0,296,830,121
2,88,l,1,0,0,0,3332,920,200145
2,88,f,1,0,0,0,47,32700,106077
2,88,l,1,0,0,0,26000,5,1319442
2,88,f,1,0,0,0,31,10,1497
2,88,f,1,0,0,1,19,8,11
2,88,l,1,0,0,0,50,135,2393
2,88,f,1,0,0,0,1033,511,27687
2,88,l,1,0,1,0,38,65,2115
2,88,f,1,0,0,0,59,138,14
2,89,l,1,0,0,0,99,14,824
2,89,f,1,0,0,0,4099,1280,198
2,89,l,1,0,0,0,76,11,28
2,89,f,1,0,0,0,38,7,4307
2,89,l,1,0,0,0,449,10019,113
2,89,f,1,0,0,0,80,2018,14
2,89,l,1,0,0,0,10000,6,7
2,89,f,1,0,0,0,20,5,28
2,89,f,2,1,0,1,444,1822,260
2,89,l,1,0,0,0,1024,309,325
2,89,l,1,0,1,0,77,309,2123
2,89,l,1,0,0,0,9,3,3
2,89,f,1,0,0,0,160,98,2656
2,90,l,1,2,0,0,11000,5616,16387
2,90,f,1,0,0,0,46,19,1880
2,90,l,1,0,0,0,39,16,131
2,90,f,1,0,0,0,2000000,6500000,9
2,90,l,1,0,0,0,14,35,138
2,90,f,1,0,0,0,10010,31400,17308
2,90,l,1,0,0,0,49,108,25
2,90,f,1,0,0,0,39,18007,13876
2,90,l,1,0,0,0,26,18,10
2,90,f,1,0,0,0,18000,81019,7473
2,90,l,1,0,0,0,47000,5,4928
2,90,f,1,0,0,0,66,212,29
2,90,f,2,2,0,1,100,185,591
2,90,l,1,0,0,0,44000,180024,3658
2,90,f,1,0,0,0,333,109,228
2,90,l,1,0,0,0,89,220,79
2,90,l,1,0,1,0,99,35,1151
2,90,f,1,0,0,0,111,910,89
2,90,l,1,0,0,0,124,72,382
2,91,l,1,0,0,0,100,21,144
2,91,f,2,0,0,0,43,104,22
2,91,l,1,0,0,0,7,12,276
2,91,f,1,0,0,0,154,83,116
2,91,f,1,2,0,1,333,1060,179
2,91,l,1,1,1,0,8624,4800,93637
2,91,f,2,0,0,0,42,216,798
2,91,f,1,2,0,0,112,380,113
2,91,l,1,0,0,0,89,19,10579
2,92,f,1,0,0,0,599,105,19
2,92,l,1,0,0,0,33,1835,789227
2,92,f,1,0,0,0,4629,4600000,41853
2,92,l,1,0,0,0,10000,2100,381
2,92,l,1,2,1,0,2000,11009,193854
2,92,f,1,0,0,0,16,499,111
2,92,f,1,0,0,1,753,119,182
2,92,l,1,0,0,0,128,474,516
2,92,f,1,0,0,0,28881,2300,469900
2,92,l,1,0,0,0,7,19,4
2,92,f,1,0,0,0,4,11,3449
2,92,l,1,0,0,0,19,2,41
2,92,l,2,0,0,0,9,26,288
2,92,f,1,0,0,0,69,2709,43
2,92,l,1,0,0,0,7,9702,2142
2,93,l,1,0,0,0,46000,270000,216180
2,93,f,1,0,0,0,9000,17,12177
2,93,f,1,0,0,0,3908,1300000,3613629
2,93,f,1,2,0,1,500,1228,155
2,93,l,1,0,0,0,2222,11800,126690
2,93,f,1,0,0,0,44,190,817
2,93,l,1,0,0,0,10001,911,6005
2,93,l,1,0,0,0,96000,2700000,1944143
2,93,l,1,0,0,0,343000,81000,629
2,93,f,1,0,0,0,40,73,5546
2,93,l,1,0,1,0,2000,211,100606
2,93,f,1,0,0,0,94000,21700,45662
2,94,l,1,0,0,0,11,83,20782
2,94,f,1,0,0,0,6500,1997,718937
2,94,l,1,2,0,0,395,1112,447864
2,94,f,1,0,0,0,20,71,36
2,94,l,1,0,0,0,320000,1800000,83611
2,94,f,1,0,0,0,44,109,236
2,94,l,1,0,0,0,6000,108004,59881
2,94,f,1,0,0,1,136,52,14148
2,94,l,1,0,0,0,10011,85007,1257233
2,94,l,1,0,1,0,77000,1700000,938
2,94,f,1,0,0,0,17000,2800,36350
2,94,l,1,0,0,0,495,980,2716
2,95,l,1,0,0,0,116,48,23
2,95,f,1,0,0,0,21,10,326
2,95,l,2,0,0,0,700,218,62780
2,95,f,1,0,0,1,16000,1809,1236
2,95,f,1,0,0,0,7000,82700,168
2,95,l,1,0,0,0,756,123,807
2,95,l,1,2,1,0,3333,1639,11371
2,95,f,1,0,0,0,180000,9,668486
2,95,f,1,0,0,0,10000,1600000,3226
2,95,l,1,0,0,0,500,67,133216
2,96,l,1,0,0,0,167,628,890067
2,96,f,1,0,0,0,1007,10007,1465176
2,96,l,1,0,0,0,356,16,1931
2,96,f,1,0,0,0,5555,98,46250
2,96,f,1,2,0,0,6412,207,15265
2,96,l,1,0,0,0,18,5,70
2,96,f,1,0,0,0,36000,3000,293307
2,96,f,1,0,0,0,96,490,11461
2,96,f,1,0,0,0,3405,210,180
2,96,f,1,0,0,1,11697,1109,2827
2,96,l,1,0,0,0,198,316,23
2,96,l,1,0,1,0,66000,290,75461
2,97,l,1,0,0,0,211,1709,140
2,97,f,1,0,0,0,8000,71,194
2,97,f,1,0,0,0,138,19,3078
2,97,l,1,2,0,0,3700,1708,540763
2,97,f,1,0,0,0,788000,4600000,32024
2,97,f,2,0,0,1,77000,8100,3112
2,97,l,1,0,0,0,1044,212,225
2,97,f,1,0,0,0,999,123009,157311
2,97,l,1,0,0,0,39,4,216
2,97,l,2,0,1,0,37000,148000,3352
2,98,f,1,0,0,1,42,112,107
2,98,l,1,0,0,0,56000,2720,34594
2,98,f,1,0,0,0,99,27,209
2,98,f,1,0,0,0,74000,3180,584
2,98,l,1,2,1,0,33000,388000,83062
2,98,f,1,0,0,0,123000,1982,557
2,98,l,1,0,0,0,6450,890,16786
2,98,f,1,0,0,0,11,520,617
2,98,l,1,0,0,0,126,33,1911
2,98,l,1,0,0,0,56,560,340
2,98,l,1,0,0,0,3200000,1700000,26888173
2,98,l,1,2,0,0,16232,9100,5912
2,98,f,1,0,0,0,640,218,483
2,99,l,1,0,0,0,88,280,16014
2,99,f,1,0,0,0,1000,560,26430
2,99,l,1,0,0,0,16000,87040,45048
2,99,l,1,0,0,0,3400,48600,10786
2,99,f,1,0,0,0,1,1600000,139551
2,99,l,1,0,0,0,6749,318,72116
2,99,f,1,0,0,0,37,210,4149
2,99,l,1,0,0,0,11000,666,2269
2,99,f,1,2,0,1,3336,1112,14661
2,99,f,1,0,0,0,27000,16,21968
2,99,l,1,1,1,0,9998,37,1526
2,100,l,1,0,0,0,134,289,99
2,100,f,1,0,0,0,9,38,94
2,100,l,1,0,0,0,188,409,103
2,100,l,1,0,0,0,16000,83700,373
2,100,f,1,0,0,0,11,72,14
2,100,f,1,0,0,0,38000,3800,37919
2,100,f,1,0,0,0,13800,138000,64361846
2,100,f,1,2,0,1,7000,38709,99745
2,100,l,1,0,0,0,14,52,10
2,100,l,1,0,1,0,17332,4200,417
2,101,l,1,0,0,0,37,217,561
2,101,f,1,0,0,0,1290,24700,2917
2,101,l,1,0,0,0,74,28,500
2,101,f,1,0,0,0,290,1928,433
2,101,l,1,2,0,0,16000,8700,12650
2,101,f,2,0,0,0,7,65,23
2,101,l,1,0,0,0,15,8,159
2,101,f,1,0,0,0,2223,73,166789
2,101,f,1,0,1,0,111000,1600000,77063
2,101,f,1,0,0,0,599,238,2286
2,101,l,1,0,0,0,1988,830,248844
2,101,f,1,0,0,1,133000,1062,254
2,102,l,1,0,0,0,56,204,374
2,102,f,1,0,0,0,12,36,21
2,102,l,1,0,0,0,33,10,74793
2,102,f,1,0,0,0,197,83,11
2,102,l,1,0,0,0,26626,1800000,5680
2,102,f,1,1,0,0,77,328,1222
2,102,l,1,0,0,0,55,10,13
2,102,f,1,0,0,0,633,2700,39
2,102,l,1,2,0,0,61,218,1123
2,102,l,1,0,1,0,17,10,153
2,102,f,1,1,0,1,10,15,12
2,103,l,1,0,0,0,624,4816,245007
2,103,f,1,0,0,0,100,296,31
2,103,l,1,0,0,0,1024,14900,241
2,103,l,2,0,0,0,1000000,99,29523
2,103,f,1,2,0,0,299,73,114
2,103,l,1,0,0,0,5000,1700,15134
2,103,l,1,0,1,0,7000,19200,7979
2,103,f,1,0,0,0,7200,2400,2069
2,103,f,1,2,0,1,1022,86,7290
2,103,l,1,0,0,0,76,110,14
2,103,f,1,0,0,0,1000,16,1200
2,103,f,1,0,0,0,900,4,3304
2,104,l,1,0,0,0,46,216,28633
2,104,f,1,0,0,0,18,3,46
2,104,f,1,0,0,0,197,21,14
2,104,f,1,0,0,1,2291,678,481
2,104,l,1,0,0,0,333,5,19
2,104,l,1,0,0,0,11,1,5
2,104,l,1,2,1,0,36,8,818
2,104,f,1,0,0,0,55000,12700,42423
2,104,l,1,0,0,0,67,3650,17547
2,104,f,1,0,0,0,3100,43,167
2,104,l,1,0,0,0,196,812,58
2,104,f,1,0,0,0,9999,1004,61018
2,104,f,1,0,0,0,189000,3,15
2,105,l,1,0,0,0,46,18,1227
2,105,f,1,0,0,0,33,222,13093
2,105,l,1,2,0,0,917,2609,11867
2,105,f,1,0,0,0,20,108,397
2,105,f,1,0,0,0,12000,1708,123
2,105,f,1,0,0,0,96,6,323
2,105,l,1,0,0,0,29,316,54
2,105,f,1,0,0,0,6,900,11048
2,105,f,1,0,0,1,619,56,597
2,105,l,1,0,1,0,114,1609,1275
2,106,l,1,0,0,0,69,462,362
2,106,f,1,0,0,0,4,30,5031
2,106,f,1,0,0,0,444,8100,58
2,106,l,1,1,0,0,111,20,23
2,106,f,1,0,0,1,38,13,15
2,106,l,1,2,1,0,128,1490,6441
2,106,f,1,0,0,0,6000,280,99935
2,106,l,1,0,0,0,599,5500,23938
2,106,f,1,0,0,0,700,61,22899
2,106,l,1,0,0,0,196,41,500
2,106,l,1,0,0,0,7,1109,2943
2,107,f,1,0,0,0,11,213,4542
2,107,l,1,0,0,0,8924,53700,80
2,107,f,1,0,0,0,997,202,5176
2,107,l,1,0,0,0,76,195,356
2,107,f,1,2,0,0,170,45,321959
2,107,l,1,0,1,0,24,60,164
2,107,f,1,0,0,0,5000,360,6330
2,107,l,1,0,0,0,333,130,1435414
2,107,f,1,0,0,0,1999,8,305
2,107,l,1,0,0,0,500,18700,643
2,107,f,2,0,0,1,99,780,26412
2,107,l,1,0,0,0,136,58,137
2,108,l,1,0,0,0,107,409,4313
2,108,f,1,0,0,0,10000,73,22
2,108,l,1,0,0,0,21,5,279
2,108,l,1,0,0,0,199,61,137925
2,108,f,1,0,0,0,16,213,2756
2,108,l,1,2,0,0,6666,911,3478
2,108,f,2,0,0,0,3321,11400,2870
2,108,l,1,0,0,0,27743,211,1250
2,108,f,1,0,0,1,18,77,16
2,108,l,1,0,0,0,1333,160400,3454
2,108,l,1,0,1,0,17000,62900,6040
2,109,l,1,0,0,0,47,140,430
2,109,f,1,0,0,0,37,9,10
2,109,l,1,0,0,0,189,194,1241
2,109,f,1,0,0,0,2,14,12
2,109,l,1,0,0,0,247,14900,995
2,109,f,1,0,0,0,198,1200,925
2,109,f,1,0,0,0,13313,3090,31486
2,109,l,1,0,0,0,15,41,16
2,109,f,1,2,0,1,1044,11500,105
2,109,f,1,0,0,0,12,104,20
2,109,l,1,0,0,0,204,508,797
2,109,f,1,0,0,0,5000,59600,953
2,109,f,1,0,0,0,27,7,14
2,109,l,1,0,1,0,2223,1500,12259
2,109,f,1,0,0,0,58,6,69
2,110,l,1,0,0,0,4,18,148
2,110,f,1,0,0,0,24,133,18
2,110,f,1,2,0,0,3,18,790
2,110,l,1,0,0,0,135,18,16
2,110,f,1,0,0,0,1600,240,8
2,110,l,1,1,1,0,22,5,74111
2,110,f,1,0,0,0,168,49,52
2,110,l,1,0,0,0,333,120,150
2,110,f,2,0,0,1,299,3800,1074
2,110,l,1,0,0,0,27000,260,241
2,111,l,1,0,0,0,17,51,23
2,111,f,1,0,0,0,2999,340,18182
2,111,f,1,2,0,0,66,702,587
2,111,l,1,0,1,0,100,15,22
2,111,l,1,0,0,0,5092,1400000,67765
2,111,f,1,0,0,0,8,28,112
2,111,f,1,0,0,1,96,11,124
2,111,f,1,0,0,0,380,190,19304
2,111,l,1,0,0,0,177,1188,421
2,112,l,1,2,0,0,111,53,2043
2,112,f,1,0,0,0,22,81,12
2,112,l,1,0,0,0,189,320,2586
2,112,f,1,0,0,0,99,15,8909
2,112,l,1,0,0,0,76,1209,883
2,112,f,1,0,0,0,18,9,7
2,112,l,1,0,0,0,2980,11900,18209
2,112,f,1,0,0,0,96,24,65
2,112,f,1,0,0,1,36666,8020,16
2,112,l,1,0,0,0,38,7,27
2,112,f,1,0,0,0,999999,3800000,667
2,112,l,1,0,1,0,799,14400,323216
2,113,l,1,0,0,0,11,35,149
2,113,f,1,0,0,0,699,138,4893
2,113,f,1,0,0,0,12,92,36
2,113,f,1,2,0,0,254,1014,19307
2,113,l,1,0,0,0,7000,2100,166
2,113,f,1,0,0,0,1024,380,240
2,113,l,1,0,0,0,6666,399,14
2,113,f,1,0,0,0,11000,56,2769
2,113,l,1,0,0,0,8,3,41
2,113,f,1,0,0,0,34,105,254
2,113,f,1,0,0,1,87,317,21
2,113,l,1,1,1,0,36000,11900,2737
2,113,f,1,0,0,0,58,27,1759
2,113,f,1,2,0,0,18000,819,8714660
2,113,l,1,0,0,0,4,39,334
2,114,f,1,0,0,1,38838,416,6731
2,114,l,1,1,0,0,14,5,37
2,114,f,1,0,1,0,17717,2426,34908
2,114,l,1,0,0,0,3333,19,340
2,114,l,1,0,0,0,189,23,31
2,114,f,1,0,0,0,27,89,1125
2,114,l,1,0,0,0,49,220,366252
2,114,l,1,0,0,0,98,212,148
2,114,l,1,0,0,0,16000,283,174
2,114,l,1,0,0,0,33333,100,3464
2,114,l,1,0,0,0,19,42612,1038
2,115,f,1,0,0,0,101,413,1003
2,115,f,1,0,0,0,202,73,9912
2,115,l,1,0,0,0,199,17,75
2,115,l,1,0,0,0,4001,11500,19120
2,115,f,1,0,0,0,60,5,5934
2,115,l,1,0,0,0,18075,721,3589
2,115,l,1,0,0,0,4,17,35
2,115,l,1,0,0,0,69,350,4228
2,115,l,1,2,1,0,909,780,613
2,115,l,1,0,0,0,31000,52111,100
2,115,f,1,0,0,1,7,32,1092
2,116,f,1,0,0,0,180,8300,8657
2,116,l,1,0,0,0,11000,280,653
2,116,f,1,0,0,0,49,107,2157
2,116,l,1,0,0,0,239,78,92
2,116,l,1,0,0,0,100000,36,22514
2,116,f,1,0,0,0,188,98,2149
2,116,f,1,0,0,1,3,15,20
2,116,l,1,0,0,0,7,21,1429
2,116,f,1,0,1,0,9,29,1316
2,117,f,1,0,0,0,56,22,39
2,117,l,1,0,0,0,76,428,315
2,117,f,1,0,0,0,28,98,203
2,117,l,1,0,0,0,3600,1200,340
2,117,f,1,0,0,0,33,11,38
2,117,f,2,0,0,1,222,1800,371
2,117,l,1,0,0,0,76,12800,1726611
2,117,l,1,0,1,0,4990,2500,2962
2,118,l,1,0,0,0,79,9,19
2,118,f,1,0,0,0,64,460000,15
2,118,f,1,0,0,0,4,173,6949
2,118,l,1,0,0,0,71,390,5788
2,118,f,1,0,0,0,18,7,14
2,118,l,1,2,1,0,128,90,3579
2,118,l,1,0,0,0,34,4,48
2,118,l,1,0,0,0,196,2604,169695
2,118,f,1,0,0,0,16666,398,813
2,118,l,1,0,0,0,1095,600,15755
2,118,f,1,0,0,0,99,29,45
2,118,f,1,0,0,0,200,75,39792
2,118,f,1,0,0,0,61000,101,357433
2,118,f,1,2,0,1,1111,4800,624
2,119,f,1,0,0,0,30,12,207
2,119,l,1,0,0,0,1980,1630,15027
2,119,f,1,0,0,0,1999,280,908
2,119,l,1,2,0,0,369,210,186684
2,119,f,1,0,0,0,2000,84,6008
2,119,f,1,2,0,0,199,11,34
2,119,l,1,0,0,0,64000,15000000,9362
2,119,l,1,0,1,0,49,120,73457
2,119,f,1,1,0,1,333,1109,121
2,120,l,1,0,0,0,96,306,28069
2,120,f,1,0,0,0,26,13,68
2,120,l,1,0,0,0,18,39,7834
2,120,f,1,0,0,0,400,4,1390
2,120,l,1,2,0,0,14,180,8
2,120,l,1,0,0,0,19000,180,86439
2,120,f,1,0,0,0,4444,293,707
2,120,l,1,0,0,0,66,282,25
2,120,f,1,2,0,1,70,32,103559
2,120,l,1,0,1,0,100,59,5496
2,121,f,1,0,0,0,13,32,3828
2,121,f,1,0,0,0,20,70,5845
2,121,f,2,0,0,0,11111,60000,21385
2,121,l,1,2,0,0,58,210,118
2,121,f,1,0,0,0,48,8,5
2,121,f,1,2,0,0,3600,14,45
2,121,l,1,0,0,0,68,412,13981
2,121,l,1,0,1,0,32000,51000,509
2,121,f,1,0,0,0,3200,382,48
2,121,f,1,0,0,1,18,49,72
2,122,l,1,0,0,0,96000,14004,47303
2,122,f,1,0,0,0,31,161,519
2,122,f,1,0,0,0,333,99,6891
2,122,l,1,0,0,0,79,484,258
2,122,f,1,0,0,0,200,29,1599
2,122,f,1,0,0,0,99,22,1074
2,122,l,1,0,0,0,10,850,1896
2,122,f,1,0,0,0,11333,370,13
2,122,f,1,0,0,0,354,3009,369
2,122,f,1,2,0,1,33333,116444,4284
2,122,l,1,0,1,0,11,8,8645
2,123,l,1,0,0,0,46,113,15
2,123,f,1,0,0,0,149,43,7
2,123,l,1,0,0,0,12,5,8
2,123,f,1,0,0,0,250,93,763
2,123,l,1,0,0,0,12,5,7
2,123,f,1,0,0,0,12,6,33
2,123,l,1,0,0,0,1024,500,37701
2,123,f,1,0,0,0,117,2350,13
2,123,f,1,0,0,1,16,4,75
2,123,l,1,0,0,0,100,1004,9